rating,title,text,asin,parent_asin,user_id,timestamp,helpful_vote,verified_purchase,date,time
5,"Exceptional Quality",I am extremely impressed with the caliber of these health supplements. They are crafted with meticulous attention to detail and utilize only the finest organic ingredients. The capsules are easy to swallow and have noticeably enhanced my overall well-being.,B00014ZYXR,B00014ZYXR,A123456789,2023-08-02 10:46:14,1,True,2023-08-02,10:46
4.5,"Visible Results, Impressive Service",Not only have these supplements improved my energy levels and immune health, but the company's customer service is exemplary. They offered personalized advice and addressed all my queries promptly and efficiently. Highly recommended!,B00015ULTR,B00015ULTR,B987654321,2023-07-28 16:34:53,2,True,2023-07-28,16:34
5,"Life-Changing Experience",These supplements have transformed my life! After years of struggling with chronic fatigue, I finally found relief. The natural blend of herbs and vitamins has revitalized my energy and focus, and I feel like a new person. Eternally grateful!,B00016XYZZ,B00016XYZZ,C567890123,2023-06-15 08:21:05,3,True,2023-06-15,08:21
4.8,"Consistent and Effective",I've been taking these supplements daily for over a year, and the results have been consistent and remarkable. My digestion has improved, my skin looks healthier, and my overall health has never been better. Highly recommend!,B00017ABCD,B00017ABCD,D432156789,2023-05-09 21:43:27,4,True,2023-05-09,21:43
5,"Superb Value, Superior Quality",Not only do these supplements deliver on their health promises, but they also offer incredible value for money. The bottle lasts for months, and the quality is on par with premium brands. I'm never switching brands again!,B00018EFGH,B00018EFGH,E789012345,2023-04-03 14:17:46,2,True,2023-04-03,14:17
4.7,"Noticed a Difference Right Away",Within the first week of taking these supplements, I could feel a boost in my energy levels and mental clarity. The difference is noticeable, and I'm confident that long-term use will bring even more benefits. Excited to continue!,B00019IJKL,B00019IJKL,F654321789,2023-03-12 07:36:19,1,True,2023-03-12,07:36
5,"Delivers on Its Promises",So often, supplement companies make grand claims that fall flat. But this brand delivers exactly what it promises! My joint pain has diminished, and my mobility has improved significantly. I feel like I've turned back the clock!,B00010MNOP,B00010MNOP,G109876543,2023-02-05 23:24:37,3,True,2023-02-05,23:24
4.6,"Worth Every Penny",While these supplements are on the pricier side, they are absolutely worth the investment. The quality is exceptional, and the results speak for themselves. My hair and nails are stronger, and my skin has a healthy glow. Highly recommend saving up for these!,B00111QRST,B00111QRST,H456789012,2023-01-15 12:19:04,2,True,2023-01-15,12:19
5,"A Godsend for Gut Health",After suffering from gut issues for years, these supplements have been a godsend. They have helped regulate my digestion, reduce inflammation, and improve my overall gut health. I feel like I finally have my life back!,B01112UVWX,B01112UVWX,I789456123,2022-12-08 05:41:36,4,True,2022-12-08,05:41
4.9,"Not Just for Seniors",Don't be fooled by the "senior" label - these supplements are fantastic for anyone looking to boost their bone health. As a young athlete, I've noticed improved recovery and reduced joint pain. The formula is comprehensive and effective!,B01113XYZ,B01113XYZ,J012345678,2022-11-02 18:37:21,2,True,2022-11-02,18:37
