rating,title,text,asin,parent_asin,user_id,timestamp,helpful_votes,verified_purchase,date,time
5,"Perfect for my needs!",This supplement has really improved my energy levels.,B00X00ZY00,B00X00ZY00,AGD45HJF89ADH2J1EWNG0KDL34L,2014-03-15 11:45:09,2,True,2014-03-15,11:45
3,"It's okay",Didn't notice much of a difference, but no negative side effects either.,B00ABC4321,B00ABC4321,AHG34JKL1MLA90N34PQKLDJSL00,2020-06-09 17:23:45,1,False,2020-06-09,17:23
5,Amazing results!,This has helped me maintain my focus and concentration throughout the day.,B00YZ00Z00,B00YZ00Z00,AG009JAD89SJ34PQ2LKA09JF934,2018-11-22 08:11:12,4,True,2018-11-22,08:11
4,"Does the job",I'm taking this for general health, and so far so good.,B00ABC1234,B00ABC1234,AHG93849283HJ492JFH093J49D,2016-05-05 05:35:21,3,True,2016-05-05,05:35
2,Not for me,I felt nauseous after taking this, had to stop.,B00XYZ9999,B00XYZ9999,AGD09384JD92849DJ29D849D84,2021-10-12 22:18:56,0,True,2021-10-12,22:18
5,Life-changing!,This supplement has helped me manage my stress and anxiety so much better.,B00VBC5555,B00VBC5555,AHG093J9482JD849J294892J94,2019-09-01 14:25:36,6,True,2019-09-01,14:25
4,"Almost perfect",I wish the pills were a bit smaller, but otherwise, it's a great product.,B00PQ22222,B00PQ22222,AGD948J948492JD8492JD8492J,2022-12-28 09:53:17,2,True,2022-12-28,09:53
3,It's alright,Didn't see much improvement in my hair and nail health as I had hoped.,B00RTY6666,B00RTY6666,AHG839492JD8492JD8492JD8492,2017-02-14 12:32:56,1,False,2017-02-14,12:32
5,Highly recommend!,I've been taking this for years and it's been a staple in my daily routine.,B00IJU8888,B00IJU8888,AGD9384JD8492JD8492JD8492JD,2015-08-07 18:46:23,5,True,2015-08-07,18:46
4,Good quality,I trust this brand and have had no issues with this supplement.,B00POK0000,B00POK0000,AHG928492JD8492JD8492JD8492J,2023-01-30 15:19:45,1,True,2023-01-30,15:19
